Data	0.promoters	0.promoters	0.promoters	0.promoters	0.promoters	0.promoters	g4	g4	g4	g4	h-dna	h-dna	h-dna	h-dna	sidd	sidd	sidd	sidd	z-dna	z-dna	z-dna	z-dna
Description	all mouse (55,401)	all mouse (55,401)	with flipons & miR (15,515)	with flipons & miR (15,515)	with flipons (21,356)	with flipons (21,356)	flipons & miR (2,323)	flipons & miR (2,323)	flipons (5,721)	flipons (5,721)	flipons & miR (226)	flipons & miR (226)	flipons (1,537)	flipons (1,537)	flipons & miR (720)	flipons & miR (720)	flipons (779)	flipons (779)	flipons & miR (1,288)	flipons & miR (1,288)	flipons (8,245)	flipons (8,245)
number_type	heptomer_counts	heptomer_rank	heptomer_counts	heptomer_rank	heptomer_counts	heptomer_rank	heptomer_counts	heptomer_rank	heptomer_counts	heptomer_rank	heptomer_counts	heptomer_rank	heptomer_counts	heptomer_rank	heptomer_counts	heptomer_rank	heptomer_counts	heptomer_rank	heptomer_counts	heptomer_rank	heptomer_counts	heptomer_rank
heptomer																						
GGAGAGA	24594	110	7148	97	9824	99	24	568	24	1102	82	15	82	82	13	1451	13	1559				
GTTTGTT	24299	117	5482	291	7515	301					2	361	2	838	46	188	46	205				
TCTCTCC	21595	192	5937	215	8273	204	34	375	34	825	100	7	100	66	15	1136	15	1202				
AACAAAC	21193	209	5689	253	7808	264					2	306	2	649	40	229	40	248				
TGCTGCT	18921	329	5268	343	7455	312	13	989	13	1734					5	5666	5	6376				
AGCAGCA	18360	373	5399	304	7626	281									2	10667	2	11352				
CCCAGAG	18181	388	5234	348	7363	325	26	525	26	1031					10	2236	10	2489				
CTCTGGG	17846	421	5079	406	7230	350	21	663	21	1237					3	9005	3	8700	2	1384	2	3610
CCAGGAG	17713	441	5183	369	7160	366	11	1096	11	1972					2	10933	2	10564				
CTCCTGG	17189	491	4947	458	6933	424	13	988	13	1741					6	4068	6	4385				
GAGGCTG	17016	518	4833	500	6841	452	23	595	23	1133	2	342	2	801	4	7043	4	7669				
AAAGAAT	16703	565	4833	501	6468	562									33	317	33	345				
GGCTCTG	16646	569	4673	564	6551	539	10	1239	10	2035												
TGAGGAA	16515	589	4557	621	6178	671									17	911	17	1062				
AGGAGCT	16214	619	4510	642	6224	645	3	2553	3	3969					3	7908	3	8025				
GGCTCAG	16015	655	4166	882	6015	751	18	738	18	1364					4	6690	4	7808	2	1531	2	3441
CAGCCTC	16004	659	4420	699	6202	656	14	916	14	1644					7	3919	7	3963	2	1201	2	3112
CAGAGCC	15769	700	4336	760	6154	678	19	729	19	1315					3	9023	3	9135	4	757	4	2184
CTGAGCC	15694	716	4265	805	6036	741	18	757	18	1385					4	7178	4	7740				
AAAGGGA	15569	736	4563	619	6117	696	13	983	13	1773	4	210	4	493	25	499	25	541				
GGAGGTG	15250	794	4388	721	6149	684	40	298	40	714	5	171	5	442					5	655	5	2061
ATTCTTT	15186	806	4427	695	6003	757									29	382	29	422				
TGTGTGA	15085	823	4310	781	5927	792									8	3016	8	3359	63	59	63	307
GTGGGAG	15003	848	4474	668	6185	664	96	80	96	256	4	179	4	500	5	5591	5	5618	7	528	7	1649
AGCTCCT	14634	924	4075	957	5625	945	2	3511	2	4518					5	5179	5	5408				
TTCCTCA	14581	936	3897	1112	5373	1118									17	961	17	1040				
GCAGGAA	14546	942	3995	1022	5670	926					2	318	2	790	7	3433	7	3560	3	1089	3	2861
GACAGGG	14497	959	3582	1533	5077	1382	64	149	64	444					6	4394	6	4865				
GCGGGGC	14400	980	4361	739	5982	770	355	10	355	39	7	116	7	376					164	23	164	127
CACAGTG	14349	990	3882	1127	5379	1109	2	3245	2	4402					4	6219	4	6498	3	1057	3	2584
TCCCTTT	14294	1006	4097	933	5618	948	12	1045	12	1782	16	56	16	262	25	505	25	571				
TTCCTGC	14214	1025	3924	1089	5490	1029	2	2995	2	4693					8	3201	8	3265	3	894	3	2658
TGCCCTG	14180	1037	3738	1307	5269	1200	44	245	44	652					6	4436	6	4507	3	882	3	2611
GAGCCAG	14107	1062	4103	926	5784	860	5	1954	5	3185					5	5258	5	5419				
CACTGTG	14027	1082	3975	1040	5418	1082	4	2250	4	3254					2	10177	2	9456				
CCCTGTC	13830	1132	3469	1708	4952	1497	70	132	70	394	2	378	2	762					2	1501	2	3219
GAAATGT	13579	1212	3950	1063	5303	1168									80	86	80	97				
CTCAGGG	13523	1221	3551	1572	5017	1443	24	564	24	1091					2	9648	2	9795	2	1373	2	3579
CCTGTGG	13411	1256	3827	1198	5343	1140	11	1123	11	1983					3	8320	3	8367	6	615	6	1775
GTGGGGA	13399	1260	3971	1043	5487	1033	91	86	91	281	5	164	5	428	5	5589	5	5621	5	732	5	2090
TGCTTTG	13319	1285	3757	1283	5104	1355									6	4445	6	4444				
TTGGGAG	13296	1298	3492	1668	4878	1578	12	1026	12	1796					7	3582	7	3735				
TCACACA	13249	1317	3697	1373	5121	1334									16	1059	16	1076	36	110	36	501
CCCTGAG	13240	1324	3730	1327	5260	1208	33	398	33	850					4	7404	4	7631				
CTCCCAA	13210	1335	3346	1913	4595	1934	20	692	20	1278					8	2944	8	3438				
GGTGTGT	13150	1360	3602	1502	5015	1446	10	1194	10	2007					4	6228	4	6625	40	93	40	466
CAAAGCA	13147	1364	3754	1288	5088	1373									18	850	18	949				
GCCCCGC	13078	1382	3923	1091	5391	1099	394	9	394	28	2	319	2	804					173	19	173	107
CTGTGGT	12911	1456	3686	1381	5019	1441	2	3770	2	4943					2	9551	2	9747				
CTGGCTC	12833	1489	3723	1336	5270	1198	7	1536	7	2480					5	5870	5	6224				
GCTGGTG	12666	1553	3678	1390	5115	1339	7	1494	7	2592					2	10290	2	10848	3	910	3	2481
ACAGGGT	12616	1577	2886	3076	4139	2697	6	1788	6	2768					10	2157	10	2314				
CAGGGCA	12593	1590	3592	1517	5058	1398	31	415	31	881					3	8602	3	9152	3	1102	3	2558
TGAAATG	12589	1594	3684	1384	4975	1475									65	117	65	122				
CTCCCAC	12553	1608	3786	1245	5267	1204	89	88	89	293	5	172	5	449	7	3655	7	3614	10	406	10	1294
CACCTCC	12513	1632	3535	1596	4990	1463	36	348	36	783	9	89	9	350	8	2994	8	3084	2	1205	2	3171
GAGGGGC	12452	1668	3610	1487	5034	1428	165	28	165	110	8	94	8	365	2	11006	2	10309	12	359	12	1168
CCACAGG	12365	1718	3518	1627	5029	1432	4	2392	4	3386					2	10979	2	10797				
ACACACC	12178	1813	3245	2102	4561	1970	6	1847	6	2638					9	2521	9	2797	84	47	84	254
AGCTGCC	12107	1845	3492	1667	4964	1482	14	911	14	1670					6	4656	6	5117				
GTTCCTG	12106	1846	3398	1835	4719	1771									6	4299	6	4758				
ACATTTC	12094	1853	3441	1758	4663	1842									73	104	73	112				
GAGATGA	12065	1868	3491	1670	4756	1721									4	7050	4	7593				
GGCAGTG	12062	1870	3218	2168	4516	2042	18	761	18	1384												
ACCCTGT	12002	1895	2875	3111	4072	2840	14	946	14	1622					7	3419	7	4035				
AAGCACA	11885	1946	3327	1946	4549	1995									5	5032	5	6117	4	794	4	2281
ACCACAG	11870	1954	3303	1989	4635	1884									2	9456	2	10077				
TGTGCTT	11860	1962	3389	1847	4613	1909									7	3447	7	3903	4	789	4	2325
CATTTCA	11829	1975	3416	1804	4614	1905									62	121	62	133				
GGCAGCT	11766	2012	3259	2077	4615	1904	11	1088	11	1908					3	9079	3	8929	5	662	5	2068
GTGTGAG	11765	2014	3338	1927	4600	1927	3	2788	3	3783					4	6195	4	6519	42	87	42	459
GCCCCTC	11723	2041	3517	1629	4870	1585	130	43	130	173	4	193	4	463	4	7325	4	7650	19	221	19	916
TCCCCAC	11678	2072	3381	1861	4693	1809	78	105	78	341	3	220	3	593	6	4540	6	4404	13	341	13	1143
CAGTGTT	11656	2089	3218	2169	4413	2185									4	7063	4	7753				
AAGTGCT	11648	2096	2934	2932	4090	2796									10	2290	10	2500				
ACTGTGA	11620	2109	3287	2013	4404	2199									6	4722	6	4944				
GGAAGAC	11592	2125	3096	2464	4317	2356	4	2198	4	3416					4	7116	4	7461				
AACTGGA	11584	2127	3142	2356	4288	2405									6	4966	6	5137				
TGAAACA	11447	2214	3228	2143	4252	2477									15	1165	15	1194				
TGAAAGG	11439	2218	3233	2133	4417	2178									11	1910	11	2139				
ATGAAGG	11354	2285	3081	2509	4262	2455									2	9931	2	10804				
AGAGATT	11279	2324	3075	2532	4079	2820									10	2188	10	2327				
GTGACAG	11270	2326	3125	2382	4315	2362	3	2497	3	3724					4	6344	4	6420	2	1458	2	3524
AGCACTT	11244	2346	2815	3279	3937	3137									7	3566	7	4237				
ACCCTGG	11220	2361	3256	2083	4548	1996	23	606	23	1111												
CCAGCAT	11211	2371	2872	3119	4025	2929	3	2498	3	4057					4	6994	4	7542				
TGGCCCT	11189	2387	3263	2070	4552	1984	21	643	21	1217					2	9177	2	10984				
CACTGCC	11126	2424	3026	2655	4279	2421	16	827	16	1529					8	2942	8	2955				
AATGGAG	11105	2434	3504	1652	4680	1823	3	2528	3	4219					5	6016	5	6239				
ATGCTGG	11075	2457	3143	2346	4465	2101	7	1650	7	2452					6	4884	6	4883				
CCCCTGG	11069	2465	3262	2071	4599	1930	56	184	56	516									4	811	4	2221
CAGGAAC	11053	2473	3035	2621	4296	2393	2	3265	2	4514					2	10398	2	9807				
CCAGTGT	10994	2511	3003	2716	4153	2665	3	2494	3	4056					5	5134	5	5305				
TGTTTCA	10971	2534	3218	2171	4328	2336									10	2158	10	2252				
CCAGGGT	10925	2568	2990	2754	4251	2481	23	612	23	1110					4	7016	4	7563				
CTGTCAC	10847	2628	2921	2963	4064	2850	2	3775	2	4894					5	5813	5	5980				
TGGTGCT	10840	2636	3075	2531	4194	2587									6	4049	6	4411				
CCTTTCA	10833	2640	3099	2457	4152	2670	3	2911	3	4146					7	3933	7	3854				
CCAGGGG	10805	2660	3134	2366	4463	2103	60	162	60	480									5	640	5	2022
AACACTG	10737	2701	2999	2725	4049	2884									10	2105	10	2415				
TCATCTC	10656	2750	2900	3025	3917	3178	4	2399	4	3421					11	1793	11	1889				
CACCAGC	10656	2751	3037	2616	4197	2577	4	2242	4	3656					3	8560	3	9227	8	460	8	1462
TCACAGT	10654	2755	3169	2289	4280	2420									8	3124	8	3049				
AGGAGTG	10515	2862	3163	2299	4307	2370					2	311	2	692	3	7974	3	7920	3	999	3	2714
ACCAAAG	10398	2956	2941	2913	3960	3089									6	4679	6	5011				
AGGGCCA	10373	2985	3027	2650	4285	2412	11	1089	11	1916					3	8283	3	8006				
AACCTGG	10355	3004	2929	2944	4057	2870	4	2444	4	3381					9	2472	9	2526				
CTTTGGT	10338	3020	2966	2828	4079	2823									7	3610	7	3574				
CTCACAC	10328	3034	2835	3230	3979	3044	2	3820	2	5344					7	3683	7	3621	53	71	53	376
CTCCATT	10328	3036	2977	2793	3984	3031	3	2761	3	3859					8	2941	8	3446				
ACACTGG	10290	3069	2926	2952	4009	2971	3	2513	3	4253									2	1257	2	3275
GTGTCCT	10271	3081	2939	2916	4073	2836									4	6081	4	6529	4	878	4	2207
CCAGGTT	10262	3092	2684	3754	3726	3646	5	1865	5	3200					2	10506	2	10559				
ACATTCA	10205	3145	2708	3655	3631	3910									10	2112	10	2351	2	1240	2	3267
CTGGACT	10194	3156	2886	3074	3978	3046	2	3736	2	4884					4	7262	4	7726				
AATGTGA	10177	3166	2895	3035	3829	3370									8	3280	8	3174				
ACTTTAT	10156	3179	2798	3344	3744	3593									19	798	19	875				
ATAAAGT	10142	3190	2955	2863	3882	3259									22	607	22	709				
TGAATGT	10137	3192	2968	2818	3934	3146									8	3086	8	3159				
AAACAGT	10079	3246	2937	2925	3952	3104									9	2378	9	2579				
AAGGCAT	10040	3291	2716	3627	3726	3648									6	4919	6	5240				
CCTTCAT	10024	3308	2746	3530	3757	3559	2	3289	2	5177					8	2883	8	3510				
CACTCCT	10013	3324	2835	3233	3898	3223	5	1971	5	3134	2	363	2	648	8	2936	8	2950	2	1164	2	3156
ACTGTTT	9964	3369	2851	3177	3872	3285									16	1018	16	1115				
TCCAGTT	9933	3395	2725	3598	3794	3463									8	3118	8	3298				
AGTCCAG	9927	3401	2758	3488	3948	3116									7	3917	7	3597				
GCAAAAA	9924	3406	2765	3463	3724	3655									28	419	28	454	2	1417	2	3728
TGCATAT	9906	3422	2961	2843	3970	3071									10	2251	10	2357	8	458	8	1566
ATATGCA	9889	3433	2808	3305	3790	3479									11	1832	11	1953	4	817	4	2253
GAGAACT	9852	3470	2719	3621	3774	3516	2	3904	2	4874					8	2789	8	3000				
TATAAAG	9816	3497	2958	2851	3966	3074									16	1017	16	1151				
AATCTCT	9812	3501	2856	3166	3878	3267									14	1231	14	1386				
GCTCTTG	9801	3513	2796	3355	3821	3387	3	2766	3	4247					2	9863	2	11274	2	1328	2	3483
GGCAAGA	9793	3519	2789	3385	3826	3378	4	2121	4	3437					3	9041	3	9096				
GTTTGAG	9744	3562	2486	4504	3454	4379	2	2989	2	5132					4	6804	4	7080				
AGGACAC	9700	3601	2709	3651	3779	3501									5	5201	5	5432				
TATTATA	9698	3603	2853	3171	3763	3544									34	288	34	331				
TGAGATT	9635	3657	2758	3487	3753	3567									11	1928	11	2106				
GAAATCC	9627	3667	2352	5053	3222	5071	2	3892	2	4934					6	4437	6	4700				
AGTGCTT	9579	3714	2569	4197	3491	4280									8	3193	8	3024				
ATGGCTT	9542	3741	2739	3558	3721	3664									8	3284	8	3398				
ATGTGGG	9537	3745	2724	3603	3730	3637	16	795	16	1505					8	3218	8	3388	7	534	7	1651
TATAATA	9515	3769	2787	3392	3738	3611									25	500	25	551				
CTTTATA	9515	3770	2909	3005	3828	3372									17	883	17	1008				
AAGGGCT	9510	3777	2751	3517	3817	3398	10	1243	10	2095					3	8754	3	8632				
AATCTCA	9500	3789	2591	4097	3524	4189									14	1227	14	1387				
AGTTCTC	9475	3817	2553	4256	3528	4171	2	3482	2	4744					3	7622	3	8068				
CAAGAGC	9466	3830	2686	3744	3771	3527									3	8557	3	9284				
AAGCCAT	9450	3853	2731	3578	3712	3685									10	2153	10	2418				
ATGCCTT	9425	3883	2553	4253	3467	4348									5	5564	5	5752				
GTCTTCC	9425	3884	2547	4275	3561	4095	2	3139	2	5433					5	5359	5	5543	2	1459	2	3528
GTGCTTT	9415	3898	2675	3794	3614	3954									3	8348	3	9197	3	959	3	2879
AGCACCA	9413	3901	2659	3861	3662	3827									3	7903	3	8628				
GAGGAGT	9306	4008	2790	3381	3810	3420	2	3842	2	4957	2	347	2	745	5	5292	5	5362				
AAGCACT	9291	4025	2390	4888	3357	4658									7	3981	7	3563				
ATGTTTC	9281	4037	2668	3822	3594	4006									9	2446	9	2552				
GGATTTC	9253	4063	2360	5019	3294	4842									4	7454	4	7795				
AGATCAG	9234	4080	2320	5197	3189	5176									4	6660	4	6438				
GCCTGTC	9197	4123	2386	4907	3314	4779	2	3620	2	5084					5	5632	5	5895	4	791	4	2147
TGACATC	9172	4153	2451	4642	3351	4671									3	8333	3	8671				
GAAACAT	9161	4163	2789	3384	3680	3781									8	2914	8	2978				
TGGACTG	9040	4293	2552	4257	3519	4207	4	2249	4	3562					4	6936	4	6993				
AAAGCAC	9009	4322	2519	4372	3441	4412									8	2927	8	3442				
AGCCCTT	8999	4335	2504	4427	3505	4244	7	1621	7	2518					4	6620	4	6679				
TTTTTGC	8997	4338	2616	4006	3575	4048									20	721	20	813				
TCACATT	8944	4385	2527	4345	3364	4645									11	1806	11	1866				
GTGACTT	8940	4387	2410	4814	3339	4705									8	2867	8	3091				
GTGACTG	8894	4433	2548	4267	3554	4110	3	2576	3	3749					8	2870	8	3053				
CAGTGCA	8893	4435	2414	4794	3336	4715									5	5364	5	5673	2	1149	2	3102
TGTACAT	8766	4570	2383	4923	3329	4738									17	941	17	965	5	674	5	2106
ATGTACA	8739	4606	2533	4327	3358	4657									15	1173	15	1227	6	579	6	1882
TCTTGCC	8719	4636	2348	5076	3249	4981	3	2939	3	3830					10	2206	10	2477				
GGGGCCC	8707	4648	2669	3819	3725	3651	108	72	108	215									16	268	16	1008
AAGTTGT	8687	4666	2247	5507	3047	5641									12	1673	12	1812				
CTGATCT	8620	4737	2339	5117	3236	5016									2	9498	2	10261				
CTCAAAC	8618	4747	2199	5731	3085	5527	2	3821	2	5341					3	8376	3	7891				
ACTCCTC	8612	4756	2241	5538	3102	5463	5	2083	5	3006	4	201	4	526	5	5856	5	6066				
TCAATAA	8543	4840	2492	4479	3282	4879									8	3107	8	3085				
AATGTTG	8512	4883	2370	4979	3173	5228									5	6028	5	6207				
GTGACCT	8511	4884	2224	5626	3099	5475									3	8405	3	9205				
GACAGGC	8503	4899	2397	4865	3326	4747	7	1518	7	2537					3	8018	3	8570	3	1014	3	2774
GGGTCTT	8471	4937	2135	6045	2989	5822	7	1600	7	2505					5	5459	5	5651				
CAAGGAT	8467	4942	2412	4802	3300	4820									6	4813	6	5043				
TCTATGT	8453	4955	2298	5293	3103	5462									11	1854	11	2071				
CTACAGT	8444	4968	2084	6302	2881	6201									3	8628	3	8256				
ACATAGA	8416	5000	2194	5755	3025	5705									6	4676	6	5000	2	1264	2	3270
GGGCCCC	8397	5023	2514	4387	3530	4166	122	52	122	189									28	144	28	637
CCCACAT	8396	5025	2273	5399	3232	5031	8	1483	8	2418					4	7420	4	7522	3	1115	3	2637
CAGTCAC	8395	5029	2292	5309	3230	5037									11	1819	11	1990				
AGTGGTT	8361	5072	2172	5854	2998	5795									3	7645	3	8246				
TTATTGA	8355	5079	2436	4712	3201	5135									23	561	23	657				
AGGGTTG	8344	5094	2286	5337	3144	5328	20	678	20	1287					2	10948	2	10322				
CAGTCCA	8319	5123	2319	5204	3271	4912									7	3995	7	4286				
TGCACTG	8249	5204	2316	5214	3191	5169									3	7859	3	8784	2	1278	2	2949
GCTAGAG	8224	5233	2436	4716	3315	4777	3	2792	3	4237					2	9913	2	11133				
CTCTAGC	8177	5288	2329	5151	3200	5140									3	8908	3	8813				
GGGACCA	8170	5301	2387	4902	3385	4574	20	671	20	1301					4	6166	4	7760				
AACCACT	8122	5360	2088	6283	2905	6100																
ATGCTGC	8107	5379	2286	5333	3130	5372									3	8777	3	8847				
TACAGTT	8104	5384	2182	5794	2987	5827									8	3061	8	3440				
CAACCCT	8099	5394	2354	5044	3229	5045	15	879	15	1574					9	2358	9	2538				
AAGACCC	8098	5397	2222	5634	3118	5405	6	1728	6	2882					2	9144	2	9967				
ACAACTT	8020	5493	2277	5377	3123	5389									7	3796	7	4159				
AAGGGAT	8011	5502	2377	4948	3237	5015	12	1070	12	1831					4	6603	4	6751				
GAGGTAG	8009	5507	2170	5865	2981	5855									3	8199	3	7859				
TGTTTAC	8007	5508	2125	6094	2826	6422									9	2647	9	2607				
ACTGGCC	8005	5510	2218	5649	3136	5345	5	2070	5	3017					2	9208	2	11005	2	1302	2	3381
ACTGTAG	7985	5533	2079	6332	2869	6251									3	7514	3	8370				
GATGTCA	7981	5539	2296	5298	3111	5433									3	7791	3	8069				
TCAACAG	7974	5554	2376	4954	3190	5171									6	4220	6	4850				
GGAATGT	7961	5564	2171	5862	2976	5872	2	3594	2	4959					5	5339	5	5575				
TGGCACT	7918	5629	2209	5689	3044	5653									6	4025	6	4343	2	1224	2	3035
AGGTCAC	7907	5640	2152	5961	2988	5825									2	10924	2	10277				
AACTGTA	7895	5660	2271	5404	3098	5478									11	1985	11	2109				
GAATGTT	7885	5674	2305	5262	3108	5445									6	4431	6	4838				
ACATTCC	7879	5680	2136	6036	2874	6231									8	3114	8	3034				
AACATTC	7848	5727	2258	5458	3073	5564									10	2129	10	2372				
CAACATT	7834	5747	2379	4944	3175	5217									9	2347	9	2531				
AAGTCAC	7821	5763	2278	5369	3079	5543									5	5973	5	6130				
TTGCCAA	7794	5800	2247	5509	3014	5743									8	3274	8	3115				
CTGTTGA	7746	5853	2219	5639	3100	5473									4	7159	4	7432				
ATCATGA	7716	5893	2178	5818	2892	6157									5	5061	5	5311				
GTAAACA	7705	5910	2075	6357	2819	6446									8	2861	8	3227				
ATCCTTG	7702	5913	2168	5874	2895	6144									3	9081	3	9270				
AGTGCCA	7656	5970	2245	5516	3121	5396									4	6545	4	6861				
GTCTGCC	7641	5988	2108	6179	2963	5920	6	1733	6	2700					3	8710	3	9426	2	1461	2	3530
GGAGTGT	7639	5991	2121	6116	2985	5830	2	3583	2	5026					5	5455	5	5554	3	881	3	2536
GGCAGAC	7623	6010	2238	5559	3150	5311	7	1598	7	2532												
ACACTCC	7596	6045	1890	7348	2655	7058									7	3728	7	3969	5	731	5	1931
ATCCCTT	7592	6052	2125	6091	2913	6081	9	1271	9	2181					13	1369	13	1534				
GGCCAGT	7578	6077	2105	6192	2903	6116	4	2146	4	3257					4	7428	4	7746				
CTACCTC	7561	6087	1955	7000	2729	6784	3	2787	3	3911					2	9608	2	9891				
GCAGCAT	7552	6101	2209	5686	3047	5639	2	3860	2	5049					4	7249	4	7556				
TGGTCCC	7526	6139	2300	5285	3173	5224	19	711	19	1336									2	1210	2	3073
GTGCCTT	7526	6141	2150	5972	2960	5928									4	6369	4	6574	2	1503	2	3519
AATACTG	7521	6152	1980	6870	2624	7183									7	3546	7	3827				
TTGGCAA	7416	6294	2158	5926	2915	6070									5	6018	5	6258				
TGTATGA	7392	6325	2096	6231	2821	6440									6	4109	6	4377	3	932	3	2718
TGCAGTC	7347	6398	2036	6558	2834	6387									2	10626	2	10922				
TCTATGA	7278	6513	2128	6077	2889	6165									5	5180	5	5418				
ATGCAGT	7262	6538	1998	6757	2753	6678									5	5535	5	5728				
TCATAGA	7240	6569	2060	6442	2730	6783									4	6666	4	7237				
ACTGCAT	7230	6587	2093	6254	2806	6502									2	9214	2	9593				
GACTGCA	7230	6588	2082	6309	2849	6319	3	2844	3	3954					2	10487	2	11103	2	1348	2	3701
TATTGCT	7217	6614	2153	5957	2929	6034									4	6536	4	6979				
GGGATGC	7146	6717	2107	6184	2893	6153	34	378	34	828									3	937	3	2482
AAGGCAC	7142	6724	1979	6877	2763	6647													5	693	5	1922
GATCAGA	7123	6748	1869	7459	2557	7470									5	5024	5	5481				
TCTGATA	7098	6788	2134	6048	2863	6276									6	4555	6	4853				
TCTGATC	7067	6820	1811	7782	2539	7540									3	8041	3	7987				
GTGTTGA	7038	6877	1787	7913	2435	7938									3	8553	3	8862				
GCTACAT	7020	6908	1955	6995	2644	7100									2	9881	2	11153				
ATACAAG	7019	6912	1998	6758	2746	6712									8	3023	8	3173				
CTTGTTA	6979	6970	1786	7915	2426	7973									5	5695	5	6062				
GAAGGTC	6960	7004	1867	7465	2623	7186									3	7886	3	8821				
TATCAGA	6960	7005	2168	5875	2863	6273									7	3998	7	3965				
TCATACA	6950	7018	1851	7535	2519	7610									8	3202	8	3470				
TCATGAT	6949	7020	2064	6425	2769	6622									5	5270	5	5485				
AGCAATA	6921	7062	2099	6219	2764	6640									12	1498	12	1693				
CTTGTAT	6906	7084	1903	7284	2573	7391									11	1741	11	2011				
GAATGAT	6823	7202	1953	7017	2590	7325									5	5947	5	6301				
GCATCCC	6784	7258	2013	6665	2845	6339	23	594	23	1151									10	407	10	1309
GTCACAA	6722	7339	1876	7412	2554	7478	3	2577	3	3817					3	8742	3	8879				
GACCTTC	6702	7364	1875	7416	2606	7257									2	10534	2	11300				
CAGTATT	6701	7368	1924	7178	2610	7237									9	2731	9	2799				
AAAGTGC	6674	7409	1873	7425	2571	7403									6	4949	6	5197				
TAAGACT	6643	7455	1763	8054	2439	7915									6	4279	6	4427				
TAATACA	6640	7460	1951	7031	2575	7383									20	764	20	808				
GCACTTT	6539	7595	1820	7731	2529	7570									5	5118	5	5334	5	741	5	1960
TTGTGAC	6526	7616	1868	7464	2557	7468									8	3184	8	2961				
TAGTGTT	6513	7643	1820	7733	2463	7830									4	6875	4	6946				
TGCCTTA	6497	7667	1788	7903	2441	7908									5	5723	5	6357				
GGACCAA	6491	7671	1826	7689	2518	7613	5	1861	5	3011					4	7107	4	7482				
ATGTGCC	6487	7677	1740	8189	2428	7966	2	3497	2	4687									13	323	13	1148
GTGCAAA	6480	7688	1850	7541	2479	7764									9	2341	9	2770	4	845	4	2258
TGTATTA	6473	7702	1905	7275	2589	7326									11	1734	11	2121				
ATGTAGC	6464	7715	1777	7977	2402	8072									3	8833	3	9080				
GTACAGG	6428	7759	1842	7591	2544	7519																
CAATGCA	6390	7833	1945	7070	2630	7161									7	3649	7	4042				
GACTGTT	6364	7874	1755	8099	2410	8038									7	3497	7	3751				
TAAGGCA	6341	7906	1803	7819	2500	7683									3	8943	3	9025				
AGTCTTA	6306	7952	1662	8619	2241	8750									3	7550	3	8265				
ATACTGT	6286	7988	1861	7486	2465	7818									3	7802	3	8048				
AATGCCC	6283	7990	1754	8107	2415	8018	3	2493	3	4262					4	6366	4	6513				
GTCAGTT	6269	8012	1683	8484	2310	8468									3	8748	3	9033				
CTGTTAC	6246	8044	1589	9018	2171	9011	2	3769	2	4944					5	5849	5	6004				
ATGACAC	6173	8162	1785	7919	2418	8001									2	9929	2	10798				
TTTGCAC	6171	8164	1730	8231	2404	8063									8	2774	8	3471	2	1242	2	2971
TTGGTCC	6171	8165	1690	8460	2340	8340									4	6617	4	6447				
TGCATTG	6168	8170	1787	7914	2420	7995									8	3289	8	3018				
AAGGTGC	6150	8199	1783	7929	2447	7879	2	3459	2	4496					2	9577	2	9814	4	777	4	2276
TAACAAG	6142	8214	1720	8299	2389	8124									4	6829	4	7098				
TGACCTA	6135	8224	1497	9487	2101	9265									3	8299	3	8647				
GTCACTC	6134	8226	1571	9107	2220	8822	2	3054	2	5293					2	10244	2	9493				
GAGTGAC	6134	8227	1674	8552	2376	8180									4	7295	4	7640				
ACAGTAT	6108	8275	1768	8021	2398	8088									8	3029	8	2958				
TCCTATG	6101	8291	1756	8092	2372	8202									5	5138	5	5371				
GTGCCAA	6048	8382	1611	8894	2185	8953									3	8354	3	9257	2	1462	2	3522
GGCACAT	6030	8416	1652	8676	2280	8579									3	9001	3	9144	9	424	9	1383
TAGACTG	6005	8454	1680	8504	2263	8668									5	5106	5	5816				
AACACTA	5995	8467	1754	8102	2376	8181									7	3714	7	3704				
AACTGAC	5989	8477	1754	8104	2381	8158									5	4999	5	6179				
GGCTCGG	5980	8497	1761	8063	2452	7864	54	193	54	536												
CCTGTAC	5970	8511	1629	8800	2281	8574	5	1885	5	3075					4	7020	4	7445	2	1467	2	3192
GTGCCAT	5968	8514	1688	8467	2344	8329									2	9842	2	10959				
CATAGGA	5948	8552	1676	8541	2263	8665									4	7173	4	7429				
AACAGTC	5934	8579	1652	8675	2248	8726									9	2346	9	2509				
TAGGTCA	5887	8652	1348	10154	1825	10227									2	10755	2	10658				
ATCATTC	5885	8655	1532	9299	2105	9250									6	4894	6	5275				
GGGCATT	5863	8694	1664	8601	2257	8691	3	2601	3	3789					5	5432	5	5386				
GTGTCAT	5848	8709	1662	8615	2264	8661									4	6070	4	6531				
TAATGCT	5831	8736	1671	8563	2221	8818									9	2397	9	2576				
ATGGCAC	5826	8742	1546	9228	2162	9044	2	3503	2	4680					4	6809	4	7196	3	1045	3	2653
TCAAGTA	5779	8804	1657	8641	2228	8793									4	6439	4	7019				
CCGAGCC	5761	8826	1668	8580	2346	8323	66	141	66	423									3	1007	3	2766
GCAAGAC	5750	8836	1625	8821	2250	8715									3	7762	3	8146	5	661	5	1911
TACAGTA	5715	8900	1542	9247	2135	9143									8	3063	8	3439				
GTTACTG	5715	8901	1507	9434	2065	9395									7	3769	7	4045				
GCACCTT	5644	9008	1603	8946	2222	8816									5	5046	5	5322	8	459	8	1519
TCAACAC	5620	9040	1587	9028	2232	8776									5	5218	5	5460				
CAGTCTA	5607	9061	1605	8927	2159	9052									4	7012	4	7728				
TACTGTA	5594	9080	1541	9252	2072	9371									5	5055	5	5748				
CTATGCA	5584	9096	1560	9162	2176	8990									3	8439	3	8258				
CGCTGCT	5571	9112	1755	8095	2486	7734	3	2776	3	4109									8	479	8	1579
CGAGGAG	5520	9182	1595	8986	2274	8615									2	9432	2	9573	4	835	4	2421
AGCAGCG	5496	9212	1713	8340	2435	7937	3	2574	3	3965												
TACTTGA	5447	9268	1614	8878	2158	9058									3	7755	3	9302				
CAGTAGT	5437	9289	1504	9452	2073	9362																
GTCTTGC	5410	9334	1471	9601	2025	9578									4	6408	4	6437				
AGTGCAA	5404	9344	1497	9484	2072	9367									3	7569	3	8275				
ATATAAC	5398	9359	1500	9469	2008	9638									11	1864	11	1960				
TGCATAG	5398	9360	1476	9581	2010	9630									2	10629	2	10884				
ACTACTG	5395	9366	1461	9649	2026	9569									2	9548	2	9710				
CAGTAAC	5349	9428	1408	9873	1926	9901									7	3940	7	4252				
AGCATTA	5322	9461	1572	9102	2112	9221									3	8066	3	8688				
TGTTGAC	5308	9475	1522	9349	2066	9392									4	6131	4	7217				
GTAACAG	5299	9488	1410	9864	1944	9828									4	6295	4	6771				
GTTACAT	5275	9520	1435	9763	1962	9770									5	5636	5	5725				
GTTATAT	5244	9560	1514	9394	2028	9564									12	1539	12	1816				
TTGGCAC	5213	9606	1553	9189	2121	9197									3	8559	3	8770				
GTCAACA	5211	9608	1524	9334	2065	9403									8	2882	8	2963				
GATATGT	5161	9670	1531	9305	2012	9622									2	10724	2	10736				
AGGTTAT	5150	9679	1452	9692	1977	9727									6	4652	6	4937				
TTGCACT	5146	9683	1424	9810	1944	9830									4	6925	4	6505				
ATGTAAC	4987	9870	1443	9734	1928	9892									11	1902	11	2036				
ACAGTAC	4962	9908	1271	10494	1767	10424									2	9459	2	10036				
ACATTAC	4917	9972	1221	10695	1642	10808																
ATAAGCT	4899	9991	1347	10155	1812	10270									5	5038	5	5466				
AGCTTAT	4899	9992	1383	9997	1875	10069									5	5190	5	5399				
AGGTAGT	4888	10003	1358	10102	1881	10046									3	8287	3	7829				
GGTGCAT	4851	10043	1313	10299	1792	10344													7	512	7	1618
ATAACCT	4824	10085	1436	9758	1913	9940									5	5040	5	5467				
ATGCACC	4787	10134	1291	10402	1811	10273	2	3463	2	4773					4	6722	4	7218	5	631	5	2118
GTATTAT	4767	10165	1413	9855	1867	10090									9	2357	9	2749				
GAGTATT	4744	10192	1438	9750	1893	10008									4	7290	4	7660				
ATAATAC	4724	10214	1375	10042	1820	10242									13	1459	13	1473				
ACTACCT	4697	10253	1331	10232	1835	10190									3	7971	3	8525				
GTAATGT	4669	10285	1340	10190	1794	10335									4	6281	4	6816				
GTACTGT	4658	10295	1288	10411	1777	10392									4	6320	4	6804				
GTATGAT	4654	10301	1213	10720	1613	10898									4	6225	4	6738				
ACATATC	4610	10362	1297	10381	1767	10421									4	6233	4	7074				
TAGTAGA	4518	10470	1310	10321	1705	10625									6	4198	6	4764				
AATACTC	4462	10537	1398	9927	1815	10259	2	3457	2	4467					4	6773	4	6421				
GTAGTGT	4447	10555	1154	10959	1592	10956																
CTCCTCG	4446	10558	1322	10265	1854	10130	5	2058	5	3153	13	64	13	290	5	5945	5	6133				
TCTACTA	4397	10619	1242	10610	1695	10647									2	10426	2	10424				
GTCTACT	4373	10655	1297	10382	1784	10363									5	5379	5	5532				
AGTAGAC	4363	10667	1285	10424	1738	10504																
GAGGTAT	4340	10709	1282	10444	1775	10401																
ACACTAC	4317	10734	1222	10693	1671	10713									3	8951	3	8344				
ATACCTC	4246	10818	1130	11054	1524	11138									4	6705	4	6996				
GTCTACC	4143	10930	1014	11388	1374	11467																
GATTGTC	4054	11023	1181	10840	1610	10909																
GGTAACC	4024	11047	991	11447	1347	11528	2	3662	2	4828												
ATTGCAC	3838	11225	1071	11226	1470	11257									3	9039	3	8874	4	786	4	2208
TGTGCGT	3824	11243	1168	10895	1556	11057									4	6197	4	6890	172	21	172	111
GACAATC	3790	11278	1027	11360	1367	11486									5	6046	5	6382				
ATCATAC	3626	11417	954	11555	1270	11679									2	10818	2	10677				
GTGCAAT	3609	11428	1097	11148	1484	11226																
GGTAGAC	3573	11454	1023	11371	1394	11427	2	3660	2	4826												
GTAAACC	3550	11472	929	11620	1295	11634									4	6286	4	6781				
GGTTTAC	3493	11504	873	11786	1255	11714									3	8569	3	9121				
GGTTACC	3440	11544	1000	11426	1398	11419	2	3678	2	4909					2	10136	2	9832				
ACGCACA	3200	11763	950	11570	1301	11620									2	9661	2	9645	155	25	155	140
CGTGTCT	3195	11764	864	11819	1239	11754									3	8872	3	8721	15	280	15	1055
AAGGGCG	3102	11852	831	11934	1222	11797	25	549	25	1061					3	8757	3	8290	19	226	19	891
TGTGCGG	3007	11945	891	11730	1257	11707	9	1332	9	2231									49	79	49	399
AGACACG	2904	12072	813	11998	1151	11991									4	6506	4	7020	13	329	13	1117
CGCCCTT	2886	12084	773	12131	1103	12117	19	719	19	1335									8	448	8	1578
GGATCCG	2684	12302	664	12560	934	12581	8	1461	8	2368					2	10096	2	9878				
GGACGGA	2674	12310	731	12269	1028	12285	9	1274	9	2229												
GTAATAC	2642	12338	699	12392	936	12576									4	6275	4	6821				
ACCGAGC	2601	12382	686	12456	976	12448									2	9330	2	9507				
TCCGTCC	2599	12387	698	12401	978	12441	2	3074	2	4418									3	906	3	2791
GCTCGGT	2598	12389	734	12258	1036	12265									2	9873	2	11284	3	907	3	2488
GTATTAC	2579	12414	725	12292	996	12385									4	6248	4	6761				
CGGATCC	2467	12548	661	12572	963	12494	7	1509	7	2614												
AACGGAA	2444	12581	625	12745	856	12859																
CCGCACA	2405	12640	746	12222	999	12376	5	2072	5	3224									51	72	51	389
GCGCCAT	2341	12726	585	12948	867	12817													5	654	5	1986
TTCCGTT	2273	12826	583	12962	845	12898									6	4131	6	4518				
ATGGCGC	2228	12892	568	13041	785	13123																
TGGGTCG	2105	13064	581	12976	828	12964	13	975	13	1706												
CGACCCA	1868	13461	537	13226	777	13153	23	609	23	1119												
TTGTTCG	1482	14245	341	14689	484	14675																
TCGCAAA	1311	14634	369	14446	536	14369									4	6575	4	6504				
TCATTCG	1289	14701	335	14744	482	14696																
CGAATGA	1275	14733	344	14662	483	14686																
CGAACAA	1249	14805	339	14712	478	14731																
TTTGCGA	1240	14833	373	14418	506	14534									4	6793	4	6593				
TAAGACG	1154	15031	332	14778	461	14826									2	9941	2	10433				
CGTCTTA	1010	15418	236	15688	350	15571																
TACGGGT	940	15601	230	15736	319	15789																
ACCCGTA	926	15641	246	15584	333	15684													2	1239	2	3273
GTCGACC	818	15904	204	15967	322	15759																
ACGGTAC	794	15959	195	16049	273	16047																
GTACCGT	765	16006	202	15985	295	15928																
GGTCGAC	724	16094	172	16185	255	16142																
GTACGAT	595	16246	171	16190	243	16189																
ATCGTAC	481	16323	117	16320	171	16319																
CGTACCG	403	16347	96	16344	145	16342																
CGGTACG	391	16352	96	16346	126	16359																
